{"entities":{"pages":{"api-docs":{"id":"api-docs","title":"API Overview","url":"api-docs.html","level":0,"tabIndex":0},"API-quickstart":{"id":"API-quickstart","title":"API Quickstart","url":"api-quickstart.html","level":0,"tabIndex":1},"API-reference":{"id":"API-reference","title":"API Reference","url":"api-reference.html","level":0,"pages":["-stvh7p_6","-stvh7p_7"],"tabIndex":2},"-stvh7p_6":{"id":"-stvh7p_6","title":"教職員","level":1,"parentId":"API-reference","pages":["-stvh7p_8","-stvh7p_9","-stvh7p_10","-stvh7p_11","-stvh7p_12"],"tabIndex":0},"-stvh7p_8":{"id":"-stvh7p_8","title":"最新消息","level":2,"parentId":"-stvh7p_6","pages":["根據類型獲取最新消息","最新消息內頁"],"tabIndex":0},"根據類型獲取最新消息":{"id":"根據類型獲取最新消息","title":"根據類型獲取最新消息列表","url":"根據類型獲取最新消息.html","level":3,"parentId":"-stvh7p_8","tabIndex":0},"最新消息內頁":{"id":"最新消息內頁","title":"最新消息內頁","url":"最新消息內頁.html","level":3,"parentId":"-stvh7p_8","tabIndex":1},"-stvh7p_9":{"id":"-stvh7p_9","title":"問卷","level":2,"parentId":"-stvh7p_6","pages":["根據類型獲取問卷","問卷內頁"],"tabIndex":1},"根據類型獲取問卷":{"id":"根據類型獲取問卷","title":"根據狀態獲取問卷","url":"根據類型獲取問卷.html","level":3,"parentId":"-stvh7p_9","tabIndex":0},"問卷內頁":{"id":"問卷內頁","title":"問卷內頁","url":"問卷內頁.html","level":3,"parentId":"-stvh7p_9","tabIndex":1},"-stvh7p_10":{"id":"-stvh7p_10","title":"聯絡簿","level":2,"parentId":"-stvh7p_6","pages":["根據類型獲取聯絡簿列表","聯絡簿內頁"],"tabIndex":2},"根據類型獲取聯絡簿列表":{"id":"根據類型獲取聯絡簿列表","title":"聯絡簿","url":"根據類型獲取聯絡簿列表.html","level":3,"parentId":"-stvh7p_10","tabIndex":0},"聯絡簿內頁":{"id":"聯絡簿內頁","title":"聯絡簿內頁","url":"聯絡簿內頁.html","level":3,"parentId":"-stvh7p_10","tabIndex":1},"-stvh7p_11":{"id":"-stvh7p_11","title":"學生管理","level":2,"parentId":"-stvh7p_6","pages":["Returns-pet-inventories-by-status","Find-purchase-order-by-ID","Delete-purchase-order-by-ID","取得特定訂餐紀錄"],"tabIndex":3},"Returns-pet-inventories-by-status":{"id":"Returns-pet-inventories-by-status","title":"取得學生列表","url":"returns-pet-inventories-by-status.html","level":3,"parentId":"-stvh7p_11","tabIndex":0},"Find-purchase-order-by-ID":{"id":"Find-purchase-order-by-ID","title":"取得特定學生資料","url":"find-purchase-order-by-id.html","level":3,"parentId":"-stvh7p_11","tabIndex":1},"Delete-purchase-order-by-ID":{"id":"Delete-purchase-order-by-ID","title":"取得訂餐紀錄列表","url":"delete-purchase-order-by-id.html","level":3,"parentId":"-stvh7p_11","tabIndex":2},"取得特定訂餐紀錄":{"id":"取得特定訂餐紀錄","title":"取得特定訂餐紀錄","url":"取得特定訂餐紀錄.html","level":3,"parentId":"-stvh7p_11","tabIndex":3},"-stvh7p_12":{"id":"-stvh7p_12","title":"到班/離班","level":2,"parentId":"-stvh7p_6","pages":["補習班點名單","根據學校、星期、時段獲取點名單"],"tabIndex":4},"補習班點名單":{"id":"補習班點名單","level":3,"parentId":"-stvh7p_12","tabIndex":0},"根據學校、星期、時段獲取點名單":{"id":"根據學校、星期、時段獲取點名單","title":"根據學校、星期、時段獲取點名單","url":"根據學校-星期-時段獲取點名單.html","level":3,"parentId":"-stvh7p_12","tabIndex":1},"-stvh7p_7":{"id":"-stvh7p_7","title":"家長","level":1,"parentId":"API-reference","pages":["Empty-MD-Topic"],"tabIndex":1},"Empty-MD-Topic":{"id":"Empty-MD-Topic","title":"Empty MD Topic","url":"empty-md-topic.html","level":2,"parentId":"-stvh7p_7","tabIndex":0},"Changes":{"id":"Changes","title":"Changes","url":"changes.html","level":0,"tabIndex":3}}},"topLevelIds":["api-docs","API-quickstart","API-reference","Changes"]}